Workbook

Sheet Timeline
AQ2: Leader | AR2: Duration | AS2: Partner 1 | AU2: Partner 2 | AW2: Partner 3
C3: Duration | D3: Start | E3: End | F3: Predecessor | G3: 15 | I3: 16 | U3: 17 | AG3: 18
A4: ID | B4: Task Name | G4: 11 | H4: 12 | I4: 1 | J4: 2 | K4: 3 | L4: 4 | M4: 5 | N4: 6 | O4: 7 | P4: 8 | Q4: 9 | R4: 10 | S4: 11 | T4: 12 | U4: 1 | V4: 2 | W4: 3 | X4: 4 | Y4: 5 | Z4: 6 | AA4: 7 | AB4: 8 | AC4: 9 | AD4: 10 | AE4: 11 | AF4: 12 | AG4: 1 | AH4: 2 | AI4: 3 | AJ4: 4 | AK4: 5 | AL4: 6 | AM4: 7 | AN4: 8 | AO4: 9 | AP4: 10
G5: 1 | H5: 2 | I5: 3 | J5: 4 | K5: 5 | L5: 6 | M5: 7 | N5: 8 | O5: 9 | P5: 10 | Q5: 11 | R5: 12 | S5: 13 | T5: 14 | U5: 15 | V5: 16 | W5: 17 | X5: 18 | Y5: 19 | Z5: 20 | AA5: 21 | AB5: 22 | AC5: 23 | AD5: 24 | AE5: 25 | AF5: 26 | AG5: 27 | AH5: 28 | AI5: 29 | AJ5: 30 | AK5: 31 | AL5: 32 | AM5: 33 | AN5: 34 | AO5: 35 | AP5: 36 | AS5: jp | AT5: pm | AU5: jp | AV5: pm | AW5: jp | AX5: pm
A6: 1 | B6: WP1 Project Management | C6: 42 | D6: 1 | E6: 42 | G6: WP1 | AQ6: Partner 1 | AR6: 36 | AT6: =CEILING(SUM(AT7:AT9),1) -> 15 | AV6: =CEILING(SUM(AV7:AV9),1) -> 1 | AX6: =CEILING(SUM(AX7:AX9),1) -> 4
A7: 2 | B7: T1.1 Project Coordination and Monitoring | C7: 2 | D7: 1 | E7: 2 | G7: 1 | H7: 1 | I7: 1 | J7: 1 | K7: 1 | L7: 1 | M7: 1 | N7: 1 | O7: 1 | P7: 1 | Q7: 1 | R7: 1 | S7: 1 | T7: 1 | U7: 1 | V7: 1 | W7: 1 | X7: 1 | Y7: 1 | Z7: 1 | AA7: 1 | AB7: 1 | AC7: 1 | AD7: 1 | AE7: 1 | AF7: 1 | AG7: 1 | AH7: 1 | AI7: 1 | AJ7: 1 | AK7: 1 | AL7: 1 | AM7: 1 | AN7: 1 | AO7: 1 | AP7: 1 | AQ7: Partner 1 | AR7: =SUM(G7:AP7) -> 36 | AS7: 0.2 | AT7: =$AR7*AS7 -> 7.2 | AU7: 0 | AV7: =$AR7*AU7 -> 0 | AW7: 0.05 | AX7: =$AR7*AW7 -> 1.8
A8: 3 | B8: T1.2 Project Reporting | C8: 42 | D8: 1 | E8: 42 | G8: 1 | H8: 1 | I8: 1 | J8: 1 | K8: 1 | L8: 1 | M8: 1 | N8: 1 | O8: 1 | P8: 1 | Q8: 1 | R8: 1 | S8: 1 | T8: 1 | U8: 1 | V8: 1 | W8: 1 | X8: 1 | Y8: 1 | Z8: 1 | AA8: 1 | AB8: 1 | AC8: 1 | AD8: 1 | AE8: 1 | AF8: 1 | AG8: 1 | AH8: 1 | AI8: 1 | AJ8: 1 | AK8: 1 | AL8: 1 | AM8: 1 | AN8: 1 | AO8: 1 | AP8: 1 | AQ8: Partner 2 | AR8: =SUM(G8:AP8) -> 36 | AS8: 0.2 | AT8: =$AR8*AS8 -> 7.2 | AU8: 0 | AV8: =$AR8*AU8 -> 0 | AW8: 0.05 | AX8: =$AR8*AW8 -> 1.8
A9: 4 | B9: T1.3 Quality Assurance & Risk Management | C9: 42 | D9: 1 | E9: 42 | G9: 1 | H9: 1 | L9: 1 | P9: 1 | T9: 1 | X9: 1 | AB9: 1 | AF9: 1 | AJ9: 1 | AN9: 1 | AQ9: Partner 3 | AR9: =SUM(G9:AP9) -> 10 | AS9: 0.05 | AT9: =$AR9*AS9 -> 0.5 | AU9: 0.1 | AV9: =$AR9*AU9 -> 1 | AW9: 0 | AX9: =$AR9*AW9 -> 0
A10: 5 | B10: WP2 xxx | C10: 5 | D10: 1 | E10: 5 | AR10: 31 | AT10: =CEILING(SUM(AT11:AT14),1) -> 0 | AV10: =CEILING(SUM(AV11:AV14),1) -> 0 | AX10: =CEILING(SUM(AX11:AX14),1) -> 0
A11: 6 | AR11: =SUM(G11:AP11) -> 0 | AT11: =$AR11*AS11 -> 0 | AV11: =$AR11*AU11 -> 0 | AX11: =$AR11*AW11 -> 0
A12: 7 | AR12: =SUM(G12:AP12) -> 0 | AT12: =$AR12*AS12 -> 0 | AV12: =$AR12*AU12 -> 0 | AX12: =$AR12*AW12 -> 0
A13: 8 | C13: 2 | D13: 1 | E13: 2 | AR13: =SUM(G13:AP13) -> 0 | AT13: =$AR13*AS13 -> 0 | AV13: =$AR13*AU13 -> 0 | AX13: =$AR13*AW13 -> 0
A14: 9 | C14: 1 | D14: 3 | E14: 3 | F14: 10 | AR14: =SUM(G14:AP14) -> 0 | AT14: =$AR14*AS14 -> 0 | AV14: =$AR14*AU14 -> 0 | AX14: =$AR14*AW14 -> 0
A15: 10 | B15: WP3 yyy | C15: 7 | D15: 5 | E15: 11 | AR15: 35 | AT15: =CEILING(SUM(AT16:AT18),1) -> 0 | AV15: =CEILING(SUM(AV16:AV18),1) -> 0 | AX15: =CEILING(SUM(AX16:AX18),1) -> 0
A16: 11 | AR16: =SUM(G16:AP16) -> 0 | AT16: =$AR16*AS16 -> 0 | AV16: =$AR16*AU16 -> 0 | AX16: =$AR16*AW16 -> 0
A17: 12 | C17: 2 | D17: 1 | E17: 2 | AR17: =SUM(G17:AP17) -> 0 | AT17: =$AR17*AS17 -> 0 | AV17: =$AR17*AU17 -> 0 | AX17: =$AR17*AW17 -> 0
A18: 13 | AR18: =SUM(G18:AP18) -> 0 | AT18: =$AR18*AS18 -> 0 | AV18: =$AR18*AU18 -> 0 | AX18: =$AR18*AW18 -> 0
A19: 14 | B19: WP4 zzz | C19: 11 | D19: 10 | E19: 20 | AR19: 36 | AT19: =CEILING(SUM(AT20:AT24),1) -> 0 | AV19: =CEILING(SUM(AV20:AV24),1) -> 0 | AX19: =CEILING(SUM(AX20:AX24),1) -> 0
A20: 15 | C20: 1 | D20: 10 | E20: 10 | F20: 15 | AR20: =SUM(G20:AP20) -> 0 | AT20: =$AR20*AS20 -> 0 | AV20: =$AR20*AU20 -> 0 | AX20: =$AR20*AW20 -> 0
A21: 16 | C21: 1 | D21: 11 | E21: 11 | F21: 21 | AR21: =SUM(G21:AP21) -> 0 | AT21: =$AR21*AS21 -> 0 | AV21: =$AR21*AU21 -> 0 | AX21: =$AR21*AW21 -> 0
A22: 17 | AR22: =SUM(G22:AP22) -> 0 | AT22: =$AR22*AS22 -> 0 | AV22: =$AR22*AU22 -> 0 | AX22: =$AR22*AW22 -> 0
A23: 18 | C23: 4 | D23: 12 | E23: 15 | AR23: =SUM(G23:AP23) -> 0 | AT23: =$AR23*AS23 -> 0 | AV23: =$AR23*AU23 -> 0 | AX23: =$AR23*AW23 -> 0
A24: 19 | C24: 2 | D24: 13 | E24: 14 | F24: 24 | AR24: =SUM(G24:AP24) -> 0 | AT24: =$AR24*AS24 -> 0 | AV24: =$AR24*AU24 -> 0 | AX24: =$AR24*AW24 -> 0
A25: 20 | B25: WP5 Dissemination & Exploation | C25: 42 | D25: 1 | E25: 42 | AR25: 36 | AT25: =CEILING(SUM(AT26:AT33),1) -> 0 | AV25: =CEILING(SUM(AV26:AV33),1) -> 0 | AX25: =CEILING(SUM(AX26:AX33),1) -> 0
A26: 21 | C26: 2 | D26: 1 | E26: 2 | AR26: =SUM(G26:AP26) -> 0 | AT26: =$AR26*AS26 -> 0 | AV26: =$AR26*AU26 -> 0 | AX26: =$AR26*AW26 -> 0
A27: 22 | C27: 40 | D27: 3 | E27: 42 | F27: 61 | AR27: =SUM(G27:AP27) -> 0 | AT27: =$AR27*AS27 -> 0 | AV27: =$AR27*AU27 -> 0 | AX27: =$AR27*AW27 -> 0
A28: 23 | C28: 2 | D28: 1 | E28: 2 | AR28: =SUM(G28:AP28) -> 0 | AT28: =$AR28*AS28 -> 0 | AV28: =$AR28*AU28 -> 0 | AX28: =$AR28*AW28 -> 0
A29: 24 | C29: 2 | D29: 3 | E29: 4 | F29: 63 | AR29: =SUM(G29:AP29) -> 0 | AT29: =$AR29*AS29 -> 0 | AV29: =$AR29*AU29 -> 0 | AX29: =$AR29*AW29 -> 0
A30: 25 | AR30: =SUM(G30:AP30) -> 0 | AT30: =$AR30*AS30 -> 0 | AV30: =$AR30*AU30 -> 0 | AX30: =$AR30*AW30 -> 0
A31: 26 | C31: 38 | D31: 5 | E31: 42 | F31: 61;64 | AR31: =SUM(G31:AP31) -> 0 | AT31: =$AR31*AS31 -> 0 | AV31: =$AR31*AU31 -> 0 | AX31: =$AR31*AW31 -> 0
A32: 27 | AR32: =SUM(G32:AP32) -> 0 | AT32: =$AR32*AS32 -> 0 | AV32: =$AR32*AU32 -> 0 | AX32: =$AR32*AW32 -> 0
A33: 28 | AR33: =SUM(G33:AP33) -> 0 | AT33: =$AR33*AS33 -> 0 | AV33: =$AR33*AU33 -> 0 | AX33: =$AR33*AW33 -> 0
AO34: Person-month per partner | AT34: =SUM(AT6,AT10,AT15,AT19,AT25) -> 15 | AV34: =SUM(AV6,AV10,AV15,AV19,AV25) -> 1 | AX34: =SUM(AX6,AX10,AX15,AX19,AX25) -> 4

Sheet Total
C2: UHK | D2: MU | E2: TUE
B3: Total person-month | C3: =Timeline!AT34 -> 15 | D3: =Timeline!AV34 -> 1 | E3: =Timeline!AX34 -> 4
B4: Salary per month | C4: ='Partner 1'!C4 -> 1600 | D4: ='Partner 2'!C4 -> 8975 | E4: ='Partner 3'!C4 -> 5000
B5: Total personal cost | C5: =C4*C3 -> 24000 | D5: =D4*D3 -> 8975 | E5: =E4*E3 -> 20000
B6: Travel | C6: ='Partner 1'!C6 -> 25000 | D6: ='Partner 2'!C6 -> 25000 | E6: ='Partner 3'!C6 -> 25000
B7: Equipment
B8: Other goods and services | C8: ='Partner 1'!C8 -> 1000 | D8: ='Partner 2'!C8 -> 1000 | E8: ='Partner 3'!C8 -> 10000
B9: Other direct costs | C9: =SUM(C6:C8) -> 26000 | D9: =SUM(D6:D8) -> 26000 | E9: =SUM(E6:E8) -> 35000
B10: Direct cost of subcontracting | C10: 0 | D10: 0 | E10: 0
B11: Indirect cost | C11: =0.25*(C5+C9) -> 12500 | D11: =0.25*(D5+D9) -> 8743.75 | E11: =0.25*(E5+E9) -> 13750
B12: Total amount | C12: =SUM(C5,C9,C10,C11) -> 62500 | D12: =SUM(D5,D9,D10,D11) -> 43718.75 | E12: =SUM(E5,E9,E10,E11) -> 68750 | F12: =SUM(C12:E12) -> 174968.75

Sheet WP
A4: Indexy | C4: 1 | D4: 5 | E4: 10 | F4: 14 | G4: 20
C5: WP1 | D5: WP2 | E5: WP3 | F5: WP4 | G5: WP5 | H5: Total
A6: 2 | B6: Partner 1 | C6: =INDEX(Timeline!$AS$6:$AX$33,WP!C$4,WP!$A6) -> 15 | D6: =INDEX(Timeline!$AS$6:$AX$33,WP!D$4,WP!$A6) -> 0 | E6: =INDEX(Timeline!$AS$6:$AX$33,WP!E$4,WP!$A6) -> 0 | F6: =INDEX(Timeline!$AS$6:$AX$33,WP!F$4,WP!$A6) -> 0 | G6: =INDEX(Timeline!$AS$6:$AX$33,WP!G$4,WP!$A6) -> 0 | H6: =SUM(C6:G6) -> 15
A7: 4 | B7: Partner 2 | C7: =INDEX(Timeline!$AS$6:$AX$33,WP!C$4,WP!$A7) -> 1 | D7: =INDEX(Timeline!$AS$6:$AX$33,WP!D$4,WP!$A7) -> 0 | E7: =INDEX(Timeline!$AS$6:$AX$33,WP!E$4,WP!$A7) -> 0 | F7: =INDEX(Timeline!$AS$6:$AX$33,WP!F$4,WP!$A7) -> 0 | G7: =INDEX(Timeline!$AS$6:$AX$33,WP!G$4,WP!$A7) -> 0 | H7: =SUM(C7:G7) -> 1
A8: 6 | B8: Partner 3 | C8: =INDEX(Timeline!$AS$6:$AX$33,WP!C$4,WP!$A8) -> 4 | D8: =INDEX(Timeline!$AS$6:$AX$33,WP!D$4,WP!$A8) -> 0 | E8: =INDEX(Timeline!$AS$6:$AX$33,WP!E$4,WP!$A8) -> 0 | F8: =INDEX(Timeline!$AS$6:$AX$33,WP!F$4,WP!$A8) -> 0 | G8: =INDEX(Timeline!$AS$6:$AX$33,WP!G$4,WP!$A8) -> 0 | H8: =SUM(C8:G8) -> 4
B9: Total | C9: =SUM(C6:C8) -> 20 | D9: =SUM(D6:D8) -> 0 | E9: =SUM(E6:E8) -> 0 | F9: =SUM(F6:F8) -> 0 | G9: =SUM(G6:G8) -> 0 | H9: =SUM(H6:H8) -> 20

Sheet Partner 1
D2: Justification
B3: Total person-month | C3: =Timeline!AT34 -> 15
B4: Salary per month | C4: 1600
B5: Total personal cost | C5: =C4*C3 -> 24000
B6: Travel | C6: 25000 | D6: e.g. 10 cooperation meetings (2 persons * 10 meetings * 950 EUR = 19 000 EUR), congresses (2 persons * 2 congresses * 1 500 EUR = 6 000 EUR)
B7: Equipment
B8: Other goods and services | C8: 1000
B9: Other direct costs | C9: =SUM(C6:C8) -> 26000
B10: Direct cost of subcontracting | C10: 0
B11: Indirect cost | C11: =0.25*(C5+C9) -> 12500
B12: Total amount | C12: =SUM(C11,C10,C9,C5) -> 62500

Sheet Partner 2
D2: Justification
B3: Total person-month | C3: =Timeline!AV34 -> 1
B4: Salary per month | C4: 8975
B5: Total personal cost | C5: =C4*C3 -> 8975
B6: Travel | C6: 25000 | D6: e.g. 10 cooperation meetings (2 persons * 10 meetings * 950 EUR = 19 000 EUR), congresses (2 persons * 2 congresses * 1 500 EUR = 6 000 EUR)
B7: Equipment
B8: Other goods and services | C8: 1000
B9: Other direct costs | C9: =SUM(C6:C8) -> 26000
B10: Direct cost of subcontracting | C10: 0
B11: Indirect cost | C11: =0.25*(C5+C9) -> 8743.75
B12: Total amount | C12: =SUM(C11,C10,C9,C5) -> 43718.75

Sheet Partner 3
D2: Justification
B3: Total person-month | C3: =Timeline!AX34 -> 4
B4: Salary per month | C4: 5000
B5: Total personal cost | C5: =C4*C3 -> 20000
B6: Travel | C6: 25000 | D6: e.g. 10 cooperation meetings (2 persons * 10 meetings * 950 EUR = 19 000 EUR), congresses (2 persons * 2 congresses * 1 500 EUR = 6 000 EUR)
B7: Equipment
B8: Other goods and services | C8: 10000
B9: Other direct costs | C9: =SUM(C6:C8) -> 35000
B10: Direct cost of subcontracting | C10: 0
B11: Indirect cost | C11: =0.25*(C5+C9) -> 13750
B12: Total amount | C12: =SUM(C11,C10,C9,C5) -> 68750
